created_at,entry_id,field1
2021-07-19T18:32:27Z,1155691,27.1
2021-07-19T18:34:27Z,1155692,27.0
2021-07-19T18:36:27Z,1155693,26.9
2021-07-19T18:38:27Z,1155694,26.9
2021-07-19T18:40:27Z,1155695,26.8
2021-07-19T18:42:27Z,1155696,26.8
2021-07-19T18:44:27Z,1155697,26.7
2021-07-19T18:46:27Z,1155698,26.7
2021-07-19T18:48:28Z,1155699,26.6
2021-07-19T18:50:27Z,1155700,26.6
2021-07-19T18:52:27Z,1155701,26.6
2021-07-19T18:54:27Z,1155702,26.6
2021-07-19T18:56:27Z,1155703,26.6
2021-07-19T18:58:27Z,1155704,26.6
2021-07-19T19:00:27Z,1155705,26.5
2021-07-19T19:02:27Z,1155706,26.6
2021-07-19T19:04:27Z,1155707,26.5
2021-07-19T19:06:27Z,1155708,26.5
2021-07-19T19:08:27Z,1155709,26.4
2021-07-19T19:10:27Z,1155710,26.4
2021-07-19T19:12:28Z,1155711,26.4
2021-07-19T19:14:27Z,1155712,26.4
2021-07-19T19:16:28Z,1155713,26.3
2021-07-19T19:18:27Z,1155714,26.3
2021-07-19T19:20:28Z,1155715,26.3
2021-07-19T19:22:28Z,1155716,26.2
2021-07-19T19:24:27Z,1155717,26.2
2021-07-19T19:26:27Z,1155718,26.1
2021-07-19T19:28:28Z,1155719,26.1
2021-07-19T19:30:27Z,1155720,26.1
2021-07-19T19:32:27Z,1155721,26.1
2021-07-19T19:34:28Z,1155722,26.1
2021-07-19T19:36:27Z,1155723,26.1
2021-07-19T19:38:27Z,1155724,25.9
2021-07-19T19:40:27Z,1155725,25.9
2021-07-19T19:42:27Z,1155726,25.9
2021-07-19T19:44:27Z,1155727,25.9
2021-07-19T19:46:27Z,1155728,25.8
2021-07-19T19:48:27Z,1155729,25.8
2021-07-19T19:50:27Z,1155730,25.8
2021-07-19T19:52:27Z,1155731,25.7
2021-07-19T19:54:27Z,1155732,25.7
2021-07-19T19:56:27Z,1155733,25.7
2021-07-19T19:58:27Z,1155734,25.6
2021-07-19T20:00:28Z,1155735,25.6
2021-07-19T20:02:27Z,1155736,25.6
2021-07-19T20:04:28Z,1155737,25.5
2021-07-19T20:06:27Z,1155738,25.4
2021-07-19T20:08:28Z,1155739,25.4
2021-07-19T20:10:27Z,1155740,25.4
2021-07-19T20:12:28Z,1155741,25.4
2021-07-19T20:14:28Z,1155742,25.4
2021-07-19T20:16:27Z,1155743,25.3
2021-07-19T20:18:28Z,1155744,25.3
2021-07-19T20:20:27Z,1155745,25.3
2021-07-19T20:22:27Z,1155746,25.3
2021-07-19T20:24:27Z,1155747,25.3
2021-07-19T20:26:27Z,1155748,25.3
2021-07-19T20:28:27Z,1155749,25.2
2021-07-19T20:30:27Z,1155750,25.1
2021-07-19T20:32:28Z,1155751,25.1
2021-07-19T20:34:28Z,1155752,25.1
2021-07-19T20:36:27Z,1155753,25.1
2021-07-19T20:38:27Z,1155754,25.1
2021-07-19T20:40:27Z,1155755,25.1
2021-07-19T20:42:27Z,1155756,25.1
2021-07-19T20:44:27Z,1155757,25.0
2021-07-19T20:46:28Z,1155758,25.0
2021-07-19T20:48:27Z,1155759,24.9
2021-07-19T20:50:28Z,1155760,24.9
2021-07-19T20:52:27Z,1155761,24.8
2021-07-19T20:54:28Z,1155762,24.9
2021-07-19T20:56:27Z,1155763,24.9
2021-07-19T20:58:27Z,1155764,24.8
2021-07-19T21:00:27Z,1155765,24.8
2021-07-19T21:02:27Z,1155766,24.8
2021-07-19T21:04:28Z,1155767,24.8
2021-07-19T21:06:27Z,1155768,24.8
2021-07-19T21:08:27Z,1155769,24.7
2021-07-19T21:10:27Z,1155770,24.6
2021-07-19T21:12:27Z,1155771,24.6
2021-07-19T21:14:27Z,1155772,24.6
2021-07-19T21:16:27Z,1155773,24.6
2021-07-19T21:18:27Z,1155774,24.6
2021-07-19T21:20:27Z,1155775,24.5
2021-07-19T21:22:27Z,1155776,24.5
2021-07-19T21:24:27Z,1155777,24.5
2021-07-19T21:26:27Z,1155778,24.4
2021-07-19T21:28:27Z,1155779,24.4
2021-07-19T21:30:27Z,1155780,24.4
2021-07-19T21:32:27Z,1155781,24.4
2021-07-19T21:34:27Z,1155782,24.3
2021-07-19T21:36:27Z,1155783,24.3
2021-07-19T21:38:28Z,1155784,24.3
2021-07-19T21:40:27Z,1155785,24.3
2021-07-19T21:42:28Z,1155786,24.3
2021-07-19T21:44:28Z,1155787,24.2
2021-07-19T21:46:27Z,1155788,24.3
2021-07-19T21:48:27Z,1155789,24.2
2021-07-19T21:50:27Z,1155790,24.1
2021-07-19T21:52:27Z,1155791,24.1
2021-07-19T21:54:27Z,1155792,24.1
2021-07-19T21:56:27Z,1155793,24.1
2021-07-19T21:58:27Z,1155794,24.1
2021-07-19T22:00:27Z,1155795,24.1
2021-07-19T22:02:27Z,1155796,24.1
2021-07-19T22:04:27Z,1155797,24.1
2021-07-19T22:06:27Z,1155798,24.0
2021-07-19T22:08:27Z,1155799,24.0
2021-07-19T22:10:27Z,1155800,23.9
2021-07-19T22:12:27Z,1155801,23.9
2021-07-19T22:14:27Z,1155802,23.9
2021-07-19T22:16:27Z,1155803,23.9
2021-07-19T22:18:27Z,1155804,23.9
2021-07-19T22:20:27Z,1155805,23.9
2021-07-19T22:22:27Z,1155806,23.8
2021-07-19T22:24:27Z,1155807,23.8
2021-07-19T22:26:27Z,1155808,23.8
2021-07-19T22:28:27Z,1155809,23.8
2021-07-19T22:30:27Z,1155810,23.8
2021-07-19T22:32:27Z,1155811,23.8
2021-07-19T22:34:27Z,1155812,23.8
2021-07-19T22:36:28Z,1155813,23.8
2021-07-19T22:38:28Z,1155814,23.8
2021-07-19T22:40:27Z,1155815,23.8
2021-07-19T22:42:27Z,1155816,23.8
2021-07-19T22:44:27Z,1155817,23.7
2021-07-19T22:46:27Z,1155818,23.7
2021-07-19T22:48:28Z,1155819,23.6
2021-07-19T22:50:27Z,1155820,23.6
2021-07-19T22:52:27Z,1155821,23.6
2021-07-19T22:54:27Z,1155822,23.6
2021-07-19T22:56:27Z,1155823,23.6
2021-07-19T22:58:27Z,1155824,23.5
2021-07-19T23:00:27Z,1155825,23.5
2021-07-19T23:02:27Z,1155826,23.5
2021-07-19T23:04:27Z,1155827,23.5
2021-07-19T23:06:27Z,1155828,23.5
2021-07-19T23:08:27Z,1155829,23.4
2021-07-19T23:10:27Z,1155830,23.5
2021-07-19T23:12:27Z,1155831,23.4
2021-07-19T23:14:27Z,1155832,23.5
2021-07-19T23:16:27Z,1155833,23.4
2021-07-19T23:18:27Z,1155834,23.4
2021-07-19T23:20:27Z,1155835,23.4
2021-07-19T23:22:27Z,1155836,23.4
2021-07-19T23:24:27Z,1155837,23.3
2021-07-19T23:26:27Z,1155838,23.3
2021-07-19T23:28:27Z,1155839,23.3
2021-07-19T23:30:27Z,1155840,23.3
2021-07-19T23:32:28Z,1155841,23.3
2021-07-19T23:34:27Z,1155842,23.3
2021-07-19T23:36:27Z,1155843,23.3
2021-07-19T23:38:27Z,1155844,23.2
2021-07-19T23:40:28Z,1155845,23.1
2021-07-19T23:42:27Z,1155846,23.1
2021-07-19T23:44:27Z,1155847,23.1
2021-07-19T23:46:27Z,1155848,23.1
2021-07-19T23:48:27Z,1155849,23.1
2021-07-19T23:50:27Z,1155850,23.0
2021-07-19T23:52:27Z,1155851,22.9
2021-07-19T23:54:27Z,1155852,23.0
2021-07-19T23:56:27Z,1155853,23.0
2021-07-19T23:58:27Z,1155854,22.9
2021-07-20T00:00:27Z,1155855,22.9
2021-07-20T00:02:27Z,1155856,22.9
2021-07-20T00:04:27Z,1155857,22.9
2021-07-20T00:06:27Z,1155858,22.9
2021-07-20T00:08:27Z,1155859,22.9
2021-07-20T00:10:27Z,1155860,22.9
2021-07-20T00:12:28Z,1155861,22.9
2021-07-20T00:14:27Z,1155862,22.9
2021-07-20T00:16:27Z,1155863,22.9
2021-07-20T00:18:27Z,1155864,22.8
2021-07-20T00:20:27Z,1155865,22.8
2021-07-20T00:22:27Z,1155866,22.7
2021-07-20T00:24:27Z,1155867,22.6
2021-07-20T00:26:27Z,1155868,22.6
2021-07-20T00:28:27Z,1155869,22.6
2021-07-20T00:30:27Z,1155870,22.6
2021-07-20T00:32:27Z,1155871,22.5
2021-07-20T00:34:27Z,1155872,22.4
2021-07-20T00:36:27Z,1155873,22.5
2021-07-20T00:38:27Z,1155874,22.4
2021-07-20T00:40:27Z,1155875,22.3
2021-07-20T00:42:27Z,1155876,22.3
2021-07-20T00:44:27Z,1155877,22.3
2021-07-20T00:46:27Z,1155878,22.3
2021-07-20T00:48:27Z,1155879,22.3
2021-07-20T00:50:27Z,1155880,22.3
2021-07-20T00:52:28Z,1155881,22.2
2021-07-20T00:54:27Z,1155882,22.1
2021-07-20T00:56:27Z,1155883,22.0
2021-07-20T00:58:27Z,1155884,22.1
2021-07-20T01:00:27Z,1155885,22.0
2021-07-20T01:02:28Z,1155886,22.0
2021-07-20T01:04:27Z,1155887,22.0
2021-07-20T01:06:28Z,1155888,22.1
2021-07-20T01:08:27Z,1155889,22.1
2021-07-20T01:10:27Z,1155890,22.1
2021-07-20T01:12:27Z,1155891,22.0
2021-07-20T01:14:27Z,1155892,22.1
2021-07-20T01:16:28Z,1155893,22.1
2021-07-20T01:18:27Z,1155894,22.1
2021-07-20T01:20:27Z,1155895,21.9
2021-07-20T01:22:27Z,1155896,21.9
2021-07-20T01:24:27Z,1155897,21.9
2021-07-20T01:26:27Z,1155898,21.9
2021-07-20T01:28:27Z,1155899,21.9
2021-07-20T01:30:27Z,1155900,21.8
2021-07-20T01:32:27Z,1155901,21.8
2021-07-20T01:34:27Z,1155902,21.8
2021-07-20T01:36:27Z,1155903,21.8
2021-07-20T01:38:27Z,1155904,21.9
2021-07-20T01:40:28Z,1155905,21.9
2021-07-20T01:42:27Z,1155906,21.9
2021-07-20T01:44:27Z,1155907,21.9
2021-07-20T01:46:27Z,1155908,21.9
2021-07-20T01:48:27Z,1155909,21.9
2021-07-20T01:50:27Z,1155910,21.9
2021-07-20T01:52:27Z,1155911,21.9
2021-07-20T01:54:27Z,1155912,21.9
2021-07-20T01:56:27Z,1155913,21.9
2021-07-20T01:58:27Z,1155914,21.9
2021-07-20T02:00:27Z,1155915,21.9
2021-07-20T02:02:27Z,1155916,21.9
2021-07-20T02:04:27Z,1155917,21.9
2021-07-20T02:06:27Z,1155918,21.9
2021-07-20T02:08:27Z,1155919,21.9
2021-07-20T02:10:27Z,1155920,21.9
2021-07-20T02:12:27Z,1155921,21.9
2021-07-20T02:14:27Z,1155922,21.9
2021-07-20T02:16:27Z,1155923,21.9
2021-07-20T02:18:27Z,1155924,21.9
2021-07-20T02:20:27Z,1155925,22.0
2021-07-20T02:22:27Z,1155926,22.0
2021-07-20T02:24:28Z,1155927,22.0
2021-07-20T02:26:27Z,1155928,22.1
2021-07-20T02:28:27Z,1155929,22.0
2021-07-20T02:30:28Z,1155930,22.1
2021-07-20T02:32:27Z,1155931,22.1
2021-07-20T02:34:27Z,1155932,22.1
2021-07-20T02:36:27Z,1155933,22.1
2021-07-20T02:38:27Z,1155934,22.2
2021-07-20T02:40:27Z,1155935,22.3
2021-07-20T02:42:27Z,1155936,22.3
2021-07-20T02:44:27Z,1155937,22.4
2021-07-20T02:46:27Z,1155938,22.4
2021-07-20T02:48:27Z,1155939,22.6
2021-07-20T02:50:27Z,1155940,22.7
2021-07-20T02:52:27Z,1155941,22.6
2021-07-20T02:54:27Z,1155942,22.7
2021-07-20T02:56:27Z,1155943,22.7
2021-07-20T02:58:27Z,1155944,22.8
2021-07-20T03:00:27Z,1155945,22.9
2021-07-20T03:02:27Z,1155946,23.1
2021-07-20T03:04:27Z,1155947,23.1
2021-07-20T03:06:27Z,1155948,23.1
2021-07-20T03:08:27Z,1155949,23.1
2021-07-20T03:10:27Z,1155950,23.4
2021-07-20T03:12:27Z,1155951,23.5
2021-07-20T03:14:27Z,1155952,23.5
2021-07-20T03:16:27Z,1155953,23.6
2021-07-20T03:18:28Z,1155954,23.9
2021-07-20T03:20:27Z,1155955,24.3
2021-07-20T03:22:28Z,1155956,25.2
2021-07-20T03:24:27Z,1155957,26.4
2021-07-20T03:26:27Z,1155958,26.6
2021-07-20T03:28:27Z,1155959,27.0
2021-07-20T03:30:27Z,1155960,28.3
2021-07-20T03:32:27Z,1155961,28.8
2021-07-20T03:34:28Z,1155962,29.1
2021-07-20T03:36:27Z,1155963,29.4
2021-07-20T03:38:27Z,1155964,29.7
2021-07-20T03:40:27Z,1155965,30.2
2021-07-20T03:42:28Z,1155966,30.3
2021-07-20T03:44:28Z,1155967,30.9
2021-07-20T03:46:28Z,1155968,31.3
2021-07-20T03:48:28Z,1155969,32.0
2021-07-20T03:50:28Z,1155970,32.4
2021-07-20T03:52:28Z,1155971,32.8
2021-07-20T03:54:27Z,1155972,33.1
2021-07-20T03:56:27Z,1155973,33.1
2021-07-20T03:58:27Z,1155974,33.1
2021-07-20T04:00:27Z,1155975,33.3
2021-07-20T04:02:27Z,1155976,33.6
2021-07-20T04:04:27Z,1155977,33.5
2021-07-20T04:06:27Z,1155978,33.6
2021-07-20T04:08:27Z,1155979,34.1
2021-07-20T04:10:28Z,1155980,34.6
2021-07-20T04:12:27Z,1155981,34.1
2021-07-20T04:14:27Z,1155982,34.1
2021-07-20T04:16:27Z,1155983,34.9
2021-07-20T04:18:27Z,1155984,35.1
2021-07-20T04:20:27Z,1155985,34.8
2021-07-20T04:22:27Z,1155986,35.2
2021-07-20T04:24:27Z,1155987,35.4
2021-07-20T04:26:27Z,1155988,34.9
2021-07-20T04:28:27Z,1155989,35.4
2021-07-20T04:30:27Z,1155990,35.8
2021-07-20T04:32:27Z,1155991,36.1
2021-07-20T04:34:27Z,1155992,36.3
2021-07-20T04:36:27Z,1155993,36.4
2021-07-20T04:38:27Z,1155994,36.3
2021-07-20T04:40:27Z,1155995,36.8
2021-07-20T04:42:27Z,1155996,36.7
2021-07-20T04:44:27Z,1155997,36.9
2021-07-20T04:46:27Z,1155998,37.1
2021-07-20T04:48:27Z,1155999,36.9
2021-07-20T04:50:27Z,1156000,37.5
2021-07-20T04:52:27Z,1156001,37.7
2021-07-20T04:54:27Z,1156002,37.3
2021-07-20T04:56:27Z,1156003,37.8
2021-07-20T04:58:27Z,1156004,37.8
2021-07-20T05:00:27Z,1156005,38.4
2021-07-20T05:02:27Z,1156006,38.5
2021-07-20T05:04:27Z,1156007,38.5
2021-07-20T05:06:27Z,1156008,38.2
2021-07-20T05:08:27Z,1156009,38.4
2021-07-20T05:10:27Z,1156010,38.1
2021-07-20T05:12:27Z,1156011,38.9
2021-07-20T05:14:27Z,1156012,39.3
2021-07-20T05:16:27Z,1156013,39.5
2021-07-20T05:18:27Z,1156014,39.6
2021-07-20T05:20:27Z,1156015,39.4
2021-07-20T05:22:27Z,1156016,39.4
2021-07-20T05:24:27Z,1156017,39.6
2021-07-20T05:26:27Z,1156018,39.9
2021-07-20T05:28:27Z,1156019,39.6
2021-07-20T05:30:27Z,1156020,40.1
2021-07-20T05:32:27Z,1156021,40.1
2021-07-20T05:34:27Z,1156022,39.9
2021-07-20T05:36:27Z,1156023,39.7
2021-07-20T05:38:27Z,1156024,40.4
2021-07-20T05:40:27Z,1156025,40.4
2021-07-20T05:42:27Z,1156026,40.4
2021-07-20T05:44:27Z,1156027,40.5
2021-07-20T05:46:27Z,1156028,40.7
2021-07-20T05:48:27Z,1156029,40.7
2021-07-20T05:50:27Z,1156030,40.6
2021-07-20T05:52:27Z,1156031,40.5
2021-07-20T05:54:27Z,1156032,40.6
2021-07-20T05:56:27Z,1156033,40.1
2021-07-20T05:58:27Z,1156034,40.3
2021-07-20T06:00:27Z,1156035,40.8
2021-07-20T06:02:27Z,1156036,41.1
2021-07-20T06:04:27Z,1156037,41.3
2021-07-20T06:06:27Z,1156038,41.3
2021-07-20T06:08:27Z,1156039,41.6
2021-07-20T06:10:27Z,1156040,41.7
2021-07-20T06:12:27Z,1156041,41.7
2021-07-20T06:14:27Z,1156042,41.4
2021-07-20T06:16:27Z,1156043,41.6
2021-07-20T06:18:27Z,1156044,41.7
2021-07-20T06:20:27Z,1156045,41.8
2021-07-20T06:22:27Z,1156046,41.8
2021-07-20T06:24:27Z,1156047,42.0
2021-07-20T06:26:27Z,1156048,42.2
2021-07-20T06:28:27Z,1156049,42.1
2021-07-20T06:30:27Z,1156050,42.1
2021-07-20T06:32:27Z,1156051,42.3
2021-07-20T06:34:27Z,1156052,41.8
2021-07-20T06:36:27Z,1156053,41.8
2021-07-20T06:38:27Z,1156054,41.4
2021-07-20T06:40:27Z,1156055,41.6
2021-07-20T06:42:27Z,1156056,42.5
2021-07-20T06:44:27Z,1156057,42.2
2021-07-20T06:46:27Z,1156058,42.4
2021-07-20T06:48:27Z,1156059,42.4
2021-07-20T06:50:27Z,1156060,42.6
2021-07-20T06:52:27Z,1156061,42.6
2021-07-20T06:54:27Z,1156062,42.6
2021-07-20T06:56:27Z,1156063,41.8
2021-07-20T06:58:27Z,1156064,41.8
2021-07-20T07:00:27Z,1156065,42.1
2021-07-20T07:02:27Z,1156066,42.0
2021-07-20T07:04:27Z,1156067,41.7
2021-07-20T07:06:27Z,1156068,42.6
2021-07-20T07:08:27Z,1156069,42.8
2021-07-20T07:10:27Z,1156070,42.9
2021-07-20T07:12:27Z,1156071,42.7
2021-07-20T07:14:27Z,1156072,42.9
2021-07-20T07:16:27Z,1156073,42.9
2021-07-20T07:18:27Z,1156074,42.6
2021-07-20T07:20:27Z,1156075,42.6
2021-07-20T07:22:27Z,1156076,43.1
2021-07-20T07:24:27Z,1156077,43.1
2021-07-20T07:26:27Z,1156078,42.3
2021-07-20T07:28:27Z,1156079,41.8
2021-07-20T07:30:27Z,1156080,42.3
2021-07-20T07:32:27Z,1156081,42.4
2021-07-20T07:34:27Z,1156082,42.4
2021-07-20T07:36:27Z,1156083,42.4
2021-07-20T07:38:27Z,1156084,42.3
2021-07-20T07:40:27Z,1156085,42.8
2021-07-20T07:42:27Z,1156086,42.3
2021-07-20T07:44:27Z,1156087,41.7
2021-07-20T07:46:27Z,1156088,41.9
2021-07-20T07:48:27Z,1156089,41.9
2021-07-20T07:50:27Z,1156090,41.7
2021-07-20T07:52:27Z,1156091,41.9
2021-07-20T07:54:27Z,1156092,41.6
2021-07-20T07:56:27Z,1156093,41.6
2021-07-20T07:58:27Z,1156094,41.8
2021-07-20T08:00:27Z,1156095,42.0
2021-07-20T08:02:27Z,1156096,42.0
2021-07-20T08:04:27Z,1156097,42.3
2021-07-20T08:06:27Z,1156098,42.6
2021-07-20T08:08:27Z,1156099,42.0
2021-07-20T08:10:27Z,1156100,41.9
2021-07-20T08:12:27Z,1156101,41.8
2021-07-20T08:14:27Z,1156102,42.3
2021-07-20T08:16:27Z,1156103,41.8
2021-07-20T08:18:27Z,1156104,41.9
2021-07-20T08:20:27Z,1156105,41.8
2021-07-20T08:22:27Z,1156106,41.6
2021-07-20T08:24:27Z,1156107,41.9
2021-07-20T08:26:27Z,1156108,42.0
2021-07-20T08:28:27Z,1156109,41.6
2021-07-20T08:30:27Z,1156110,41.8
2021-07-20T08:32:27Z,1156111,42.2
2021-07-20T08:34:27Z,1156112,42.1
2021-07-20T08:36:27Z,1156113,42.3
2021-07-20T08:38:27Z,1156114,42.3
2021-07-20T08:40:27Z,1156115,41.5
2021-07-20T08:42:27Z,1156116,41.1
2021-07-20T08:44:27Z,1156117,41.3
2021-07-20T08:46:27Z,1156118,41.8
2021-07-20T08:48:27Z,1156119,41.1
2021-07-20T08:50:27Z,1156120,41.0
2021-07-20T08:52:27Z,1156121,39.4
2021-07-20T08:54:27Z,1156122,37.3
2021-07-20T08:56:27Z,1156123,36.2
2021-07-20T08:58:27Z,1156124,35.6
2021-07-20T09:00:27Z,1156125,35.6
2021-07-20T09:02:27Z,1156126,35.4
2021-07-20T09:04:27Z,1156127,35.4
2021-07-20T09:06:27Z,1156128,34.9
2021-07-20T09:08:27Z,1156129,35.0
2021-07-20T09:10:27Z,1156130,35.1
2021-07-20T09:12:27Z,1156131,34.6
2021-07-20T09:14:27Z,1156132,34.9
2021-07-20T09:16:27Z,1156133,35.0
2021-07-20T09:18:27Z,1156134,34.7
2021-07-20T09:20:27Z,1156135,34.9
2021-07-20T09:22:27Z,1156136,34.8
2021-07-20T09:24:27Z,1156137,34.6
2021-07-20T09:26:27Z,1156138,33.9
2021-07-20T09:28:27Z,1156139,34.3
2021-07-20T09:30:27Z,1156140,34.6
2021-07-20T09:32:27Z,1156141,34.4
2021-07-20T09:34:27Z,1156142,34.1
2021-07-20T09:36:27Z,1156143,34.3
2021-07-20T09:38:27Z,1156144,34.1
2021-07-20T09:40:27Z,1156145,34.2
2021-07-20T09:42:27Z,1156146,34.6
2021-07-20T09:44:27Z,1156147,34.9
2021-07-20T09:46:27Z,1156148,34.9
2021-07-20T09:48:27Z,1156149,35.1
2021-07-20T09:50:27Z,1156150,34.9
2021-07-20T09:52:27Z,1156151,34.8
2021-07-20T09:54:27Z,1156152,34.8
2021-07-20T09:56:27Z,1156153,34.4
2021-07-20T09:58:27Z,1156154,34.4
2021-07-20T10:00:27Z,1156155,34.6
2021-07-20T10:02:27Z,1156156,34.9
2021-07-20T10:04:27Z,1156157,34.9
2021-07-20T10:06:27Z,1156158,34.7
2021-07-20T10:08:27Z,1156159,34.5
2021-07-20T10:10:27Z,1156160,34.4
2021-07-20T10:12:27Z,1156161,34.5
2021-07-20T10:14:27Z,1156162,34.3
2021-07-20T10:16:27Z,1156163,34.4
2021-07-20T10:18:27Z,1156164,34.1
2021-07-20T10:20:27Z,1156165,33.9
2021-07-20T10:22:27Z,1156166,34.0
2021-07-20T10:24:27Z,1156167,34.0
2021-07-20T10:26:27Z,1156168,34.3
2021-07-20T10:28:27Z,1156169,34.5
2021-07-20T10:30:27Z,1156170,34.6
2021-07-20T10:32:27Z,1156171,34.1
2021-07-20T10:34:27Z,1156172,34.1
2021-07-20T10:36:27Z,1156173,33.9
2021-07-20T10:38:27Z,1156174,33.8
2021-07-20T10:40:27Z,1156175,33.9
2021-07-20T10:42:27Z,1156176,33.9
2021-07-20T10:44:27Z,1156177,34.4
2021-07-20T10:46:27Z,1156178,34.8
2021-07-20T10:48:27Z,1156179,34.9
2021-07-20T10:50:26Z,1156180,35.1
2021-07-20T10:52:27Z,1156181,34.9
2021-07-20T10:54:27Z,1156182,35.1
2021-07-20T10:56:27Z,1156183,34.9
2021-07-20T10:58:27Z,1156184,34.6
2021-07-20T11:00:27Z,1156185,34.3
2021-07-20T11:02:27Z,1156186,34.4
2021-07-20T11:04:26Z,1156187,34.3
2021-07-20T11:06:27Z,1156188,34.0
2021-07-20T11:08:27Z,1156189,33.9
2021-07-20T11:10:27Z,1156190,34.1
2021-07-20T11:12:27Z,1156191,34.1
2021-07-20T11:14:27Z,1156192,33.9
2021-07-20T11:16:27Z,1156193,33.7
2021-07-20T11:18:27Z,1156194,33.6
2021-07-20T11:20:27Z,1156195,33.6
2021-07-20T11:22:27Z,1156196,33.1
2021-07-20T11:24:26Z,1156197,32.9
2021-07-20T11:26:27Z,1156198,33.4
2021-07-20T11:28:27Z,1156199,33.7
2021-07-20T11:30:27Z,1156200,33.8
2021-07-20T11:32:27Z,1156201,33.6
2021-07-20T11:34:26Z,1156202,33.3
2021-07-20T11:36:27Z,1156203,33.6
2021-07-20T11:38:27Z,1156204,33.8
2021-07-20T11:40:27Z,1156205,34.0
2021-07-20T11:42:27Z,1156206,33.8
2021-07-20T11:44:27Z,1156207,33.6
2021-07-20T11:46:27Z,1156208,33.6
2021-07-20T11:48:27Z,1156209,33.8
2021-07-20T11:50:27Z,1156210,34.2
2021-07-20T11:52:27Z,1156211,33.9
2021-07-20T11:54:27Z,1156212,34.0
2021-07-20T11:56:27Z,1156213,34.1
2021-07-20T11:58:27Z,1156214,33.9
2021-07-20T12:00:26Z,1156215,34.3
2021-07-20T12:02:27Z,1156216,34.4
2021-07-20T12:04:27Z,1156217,34.6
2021-07-20T12:06:27Z,1156218,34.9
2021-07-20T12:08:27Z,1156219,35.1
2021-07-20T12:10:26Z,1156220,35.3
2021-07-20T12:12:26Z,1156221,35.1
2021-07-20T12:14:26Z,1156222,34.4
2021-07-20T12:16:26Z,1156223,34.6
2021-07-20T12:18:27Z,1156224,34.8
2021-07-20T12:20:26Z,1156225,34.4
2021-07-20T12:22:26Z,1156226,34.3
2021-07-20T12:24:26Z,1156227,34.4
2021-07-20T12:26:26Z,1156228,33.9
2021-07-20T12:28:26Z,1156229,33.8
2021-07-20T12:30:26Z,1156230,33.9
2021-07-20T12:32:27Z,1156231,33.5
2021-07-20T12:34:26Z,1156232,33.4
2021-07-20T12:36:26Z,1156233,33.6
2021-07-20T12:38:27Z,1156234,33.5
2021-07-20T12:40:27Z,1156235,33.6
2021-07-20T12:42:27Z,1156236,33.4
2021-07-20T12:44:26Z,1156237,33.5
2021-07-20T12:46:26Z,1156238,33.6
2021-07-20T12:48:26Z,1156239,33.6
2021-07-20T12:50:27Z,1156240,33.6
2021-07-20T12:52:27Z,1156241,33.6
2021-07-20T12:54:26Z,1156242,33.6
2021-07-20T12:56:27Z,1156243,33.5
2021-07-20T12:58:27Z,1156244,33.6
2021-07-20T13:00:27Z,1156245,33.7
2021-07-20T13:02:26Z,1156246,33.8
2021-07-20T13:04:27Z,1156247,33.8
2021-07-20T13:06:26Z,1156248,33.6
2021-07-20T13:08:27Z,1156249,33.6
2021-07-20T13:10:26Z,1156250,33.6
2021-07-20T13:12:27Z,1156251,33.3
2021-07-20T13:14:27Z,1156252,33.4
2021-07-20T13:16:26Z,1156253,33.5
2021-07-20T13:18:26Z,1156254,33.4
2021-07-20T13:20:26Z,1156255,33.3
2021-07-20T13:22:26Z,1156256,33.2
2021-07-20T13:24:26Z,1156257,32.9
2021-07-20T13:26:26Z,1156258,32.9
2021-07-20T13:28:26Z,1156259,33.1
2021-07-20T13:30:27Z,1156260,33.1
2021-07-20T13:32:26Z,1156261,33.0
2021-07-20T13:34:26Z,1156262,32.9
2021-07-20T13:36:26Z,1156263,32.8
2021-07-20T13:38:26Z,1156264,32.9
2021-07-20T13:40:26Z,1156265,33.1
2021-07-20T13:42:26Z,1156266,32.9
2021-07-20T13:44:26Z,1156267,32.6
2021-07-20T13:46:26Z,1156268,32.9
2021-07-20T13:48:27Z,1156269,32.8
2021-07-20T13:50:27Z,1156270,32.6
2021-07-20T13:52:26Z,1156271,32.8
2021-07-20T13:54:27Z,1156272,32.9
2021-07-20T13:56:26Z,1156273,32.8
2021-07-20T13:58:26Z,1156274,32.8
2021-07-20T14:00:26Z,1156275,32.8
2021-07-20T14:02:26Z,1156276,32.6
2021-07-20T14:04:26Z,1156277,32.5
2021-07-20T14:06:26Z,1156278,32.4
2021-07-20T14:08:26Z,1156279,32.4
2021-07-20T14:10:27Z,1156280,32.3
2021-07-20T14:12:26Z,1156281,32.4
2021-07-20T14:14:26Z,1156282,32.6
2021-07-20T14:16:26Z,1156283,32.4
2021-07-20T14:18:26Z,1156284,32.6
2021-07-20T14:20:26Z,1156285,32.6
2021-07-20T14:22:26Z,1156286,32.6
2021-07-20T14:24:26Z,1156287,32.5
2021-07-20T14:26:26Z,1156288,32.3
2021-07-20T14:28:26Z,1156289,32.3
2021-07-20T14:30:26Z,1156290,32.1
2021-07-20T14:32:26Z,1156291,32.1
2021-07-20T14:34:26Z,1156292,31.9
2021-07-20T14:36:27Z,1156293,31.9
2021-07-20T14:38:26Z,1156294,31.9
2021-07-20T14:40:27Z,1156295,31.9
2021-07-20T14:42:26Z,1156296,31.9
2021-07-20T14:44:27Z,1156297,31.9
2021-07-20T14:46:26Z,1156298,31.9
2021-07-20T14:48:27Z,1156299,31.6
2021-07-20T14:50:26Z,1156300,31.6
2021-07-20T14:52:26Z,1156301,31.6
2021-07-20T14:54:26Z,1156302,31.5
2021-07-20T14:56:27Z,1156303,31.5
2021-07-20T14:58:27Z,1156304,31.4
2021-07-20T15:00:26Z,1156305,31.4
2021-07-20T15:02:26Z,1156306,31.4
2021-07-20T15:04:26Z,1156307,31.5
2021-07-20T15:06:26Z,1156308,31.4
2021-07-20T15:08:26Z,1156309,31.3
2021-07-20T15:10:26Z,1156310,31.3
2021-07-20T15:12:26Z,1156311,31.1
2021-07-20T15:14:26Z,1156312,31.1
2021-07-20T15:16:26Z,1156313,31.1
2021-07-20T15:18:26Z,1156314,31.1
2021-07-20T15:20:26Z,1156315,31.1
2021-07-20T15:22:26Z,1156316,30.9
2021-07-20T15:24:26Z,1156317,30.8
2021-07-20T15:26:26Z,1156318,30.7
2021-07-20T15:28:27Z,1156319,30.6
2021-07-20T15:30:26Z,1156320,30.5
2021-07-20T15:32:26Z,1156321,30.4
2021-07-20T15:34:27Z,1156322,30.5
2021-07-20T15:36:27Z,1156323,30.6
2021-07-20T15:38:27Z,1156324,30.6
2021-07-20T15:40:27Z,1156325,30.5
2021-07-20T15:42:27Z,1156326,30.4
2021-07-20T15:44:26Z,1156327,30.4
2021-07-20T15:46:26Z,1156328,30.4
2021-07-20T15:48:26Z,1156329,30.4
2021-07-20T15:50:26Z,1156330,30.3
2021-07-20T15:52:27Z,1156331,30.3
2021-07-20T15:54:27Z,1156332,30.3
2021-07-20T15:56:26Z,1156333,30.3
2021-07-20T15:58:27Z,1156334,30.3
2021-07-20T16:00:27Z,1156335,30.2
2021-07-20T16:02:26Z,1156336,30.1
2021-07-20T16:04:26Z,1156337,30.1
2021-07-20T16:06:26Z,1156338,30.0
2021-07-20T16:08:27Z,1156339,29.9
2021-07-20T16:10:26Z,1156340,29.8
2021-07-20T16:12:26Z,1156341,29.8
2021-07-20T16:14:26Z,1156342,29.8
2021-07-20T16:16:26Z,1156343,29.8
2021-07-20T16:18:26Z,1156344,29.8
2021-07-20T16:20:26Z,1156345,29.8
2021-07-20T16:22:26Z,1156346,29.8
2021-07-20T16:24:26Z,1156347,29.7
2021-07-20T16:26:26Z,1156348,29.6
2021-07-20T16:28:26Z,1156349,29.6
2021-07-20T16:30:26Z,1156350,29.6
2021-07-20T16:32:26Z,1156351,29.6
2021-07-20T16:34:26Z,1156352,29.6
2021-07-20T16:36:26Z,1156353,29.6
2021-07-20T16:38:27Z,1156354,29.5
2021-07-20T16:40:26Z,1156355,29.5
2021-07-20T16:42:26Z,1156356,29.5
2021-07-20T16:44:27Z,1156357,29.4
2021-07-20T16:46:26Z,1156358,29.4
2021-07-20T16:48:27Z,1156359,29.3
2021-07-20T16:50:26Z,1156360,29.3
2021-07-20T16:52:27Z,1156361,29.1
2021-07-20T16:54:26Z,1156362,29.0
2021-07-20T16:56:27Z,1156363,29.1
2021-07-20T16:58:27Z,1156364,29.1
2021-07-20T17:00:26Z,1156365,29.0
2021-07-20T17:02:26Z,1156366,29.1
2021-07-20T17:04:26Z,1156367,29.0
2021-07-20T17:06:26Z,1156368,28.9
2021-07-20T17:08:26Z,1156369,29.0
2021-07-20T17:10:26Z,1156370,29.0
2021-07-20T17:12:26Z,1156371,29.0
2021-07-20T17:14:26Z,1156372,28.9
2021-07-20T17:16:26Z,1156373,28.8
2021-07-20T17:18:26Z,1156374,28.8
2021-07-20T17:20:26Z,1156375,28.6
2021-07-20T17:22:26Z,1156376,28.6
2021-07-20T17:24:26Z,1156377,28.6
2021-07-20T17:26:26Z,1156378,28.6
2021-07-20T17:28:26Z,1156379,28.4
2021-07-20T17:30:26Z,1156380,28.5
2021-07-20T17:32:26Z,1156381,28.4
2021-07-20T17:34:26Z,1156382,28.4
2021-07-20T17:36:27Z,1156383,28.4
2021-07-20T17:38:27Z,1156384,28.3
2021-07-20T17:40:26Z,1156385,28.2
2021-07-20T17:42:27Z,1156386,28.1
2021-07-20T17:44:26Z,1156387,28.0
2021-07-20T17:46:26Z,1156388,28.0
2021-07-20T17:48:27Z,1156389,27.9
2021-07-20T17:50:26Z,1156390,27.9
2021-07-20T17:52:27Z,1156391,27.8
2021-07-20T17:54:26Z,1156392,27.8
2021-07-20T17:56:26Z,1156393,27.6
2021-07-20T17:58:26Z,1156394,27.6
2021-07-20T18:00:26Z,1156395,27.5
2021-07-20T18:02:26Z,1156396,27.4
2021-07-20T18:04:26Z,1156397,27.5
2021-07-20T18:06:26Z,1156398,27.6
2021-07-20T18:08:26Z,1156399,27.5
2021-07-20T18:10:26Z,1156400,27.6
2021-07-20T18:12:26Z,1156401,27.6
2021-07-20T18:14:26Z,1156402,27.6
2021-07-20T18:16:26Z,1156403,27.5
2021-07-20T18:18:26Z,1156404,27.4
2021-07-20T18:20:26Z,1156405,27.4
2021-07-20T18:22:26Z,1156406,27.3
2021-07-20T18:24:26Z,1156407,27.2
2021-07-20T18:26:26Z,1156408,27.1
2021-07-20T18:28:26Z,1156409,27.1
2021-07-20T18:30:26Z,1156410,27.0
2021-07-20T18:32:26Z,1156411,27.1
2021-07-20T18:34:26Z,1156412,26.9
2021-07-20T18:36:26Z,1156413,26.9
2021-07-20T18:38:26Z,1156414,27.0
2021-07-20T18:40:26Z,1156415,26.9
2021-07-20T18:42:26Z,1156416,26.9
2021-07-20T18:44:26Z,1156417,26.9
2021-07-20T18:46:26Z,1156418,26.9
2021-07-20T18:48:26Z,1156419,26.8
2021-07-20T18:50:27Z,1156420,26.6
2021-07-20T18:52:27Z,1156421,26.7
2021-07-20T18:54:26Z,1156422,26.7
2021-07-20T18:56:26Z,1156423,26.6
2021-07-20T18:58:27Z,1156424,26.8
2021-07-20T19:00:26Z,1156425,26.8
2021-07-20T19:02:26Z,1156426,26.8
2021-07-20T19:04:26Z,1156427,26.7
2021-07-20T19:06:26Z,1156428,26.7
2021-07-20T19:08:26Z,1156429,26.6
2021-07-20T19:10:26Z,1156430,26.6
2021-07-20T19:12:26Z,1156431,26.6
2021-07-20T19:14:26Z,1156432,26.6
2021-07-20T19:16:26Z,1156433,26.4
2021-07-20T19:18:26Z,1156434,26.4
2021-07-20T19:20:26Z,1156435,26.4
2021-07-20T19:22:26Z,1156436,26.4
2021-07-20T19:24:26Z,1156437,26.5
2021-07-20T19:26:26Z,1156438,26.3
2021-07-20T19:28:26Z,1156439,26.4
2021-07-20T19:30:26Z,1156440,26.4
2021-07-20T19:32:27Z,1156441,26.3
2021-07-20T19:34:26Z,1156442,26.2
2021-07-20T19:36:26Z,1156443,26.2
2021-07-20T19:38:27Z,1156444,26.1
2021-07-20T19:40:26Z,1156445,26.1
2021-07-20T19:42:26Z,1156446,26.1
2021-07-20T19:44:26Z,1156447,26.3
2021-07-20T19:46:27Z,1156448,26.3
2021-07-20T19:48:27Z,1156449,26.2
2021-07-20T19:50:27Z,1156450,26.2
2021-07-20T19:52:27Z,1156451,26.2
2021-07-20T19:54:27Z,1156452,26.2
2021-07-20T19:56:26Z,1156453,26.1
2021-07-20T19:58:26Z,1156454,26.0
2021-07-20T20:00:26Z,1156455,26.0
2021-07-20T20:02:26Z,1156456,26.0
2021-07-20T20:04:26Z,1156457,26.1
2021-07-20T20:06:26Z,1156458,26.1
2021-07-20T20:08:26Z,1156459,25.9
2021-07-20T20:10:26Z,1156460,25.9
2021-07-20T20:12:26Z,1156461,25.8
2021-07-20T20:14:27Z,1156462,25.8
2021-07-20T20:16:26Z,1156463,25.8
2021-07-20T20:18:26Z,1156464,25.8
2021-07-20T20:20:26Z,1156465,25.8
2021-07-20T20:22:26Z,1156466,25.7
2021-07-20T20:24:26Z,1156467,25.6
2021-07-20T20:26:26Z,1156468,25.6
2021-07-20T20:28:26Z,1156469,25.6
2021-07-20T20:30:26Z,1156470,25.6
2021-07-20T20:32:26Z,1156471,25.6
2021-07-20T20:34:26Z,1156472,25.6
2021-07-20T20:36:26Z,1156473,25.6
2021-07-20T20:38:26Z,1156474,25.6
2021-07-20T20:40:26Z,1156475,25.6
2021-07-20T20:42:26Z,1156476,25.6
2021-07-20T20:44:26Z,1156477,25.6
2021-07-20T20:46:27Z,1156478,25.6
2021-07-20T20:48:27Z,1156479,25.6
2021-07-20T20:50:26Z,1156480,25.6
2021-07-20T20:52:26Z,1156481,25.6
2021-07-20T20:54:26Z,1156482,25.6
2021-07-20T20:56:26Z,1156483,25.6
2021-07-20T20:58:26Z,1156484,25.6
2021-07-20T21:00:26Z,1156485,25.6
2021-07-20T21:02:26Z,1156486,25.7
2021-07-20T21:04:26Z,1156487,25.6
2021-07-20T21:06:26Z,1156488,25.6
2021-07-20T21:08:26Z,1156489,25.6
2021-07-20T21:10:26Z,1156490,25.6
2021-07-20T21:12:26Z,1156491,25.6
2021-07-20T21:14:26Z,1156492,25.6
2021-07-20T21:16:26Z,1156493,25.6
2021-07-20T21:18:26Z,1156494,25.5
2021-07-20T21:20:26Z,1156495,25.4
2021-07-20T21:22:26Z,1156496,25.3
2021-07-20T21:24:26Z,1156497,25.3
2021-07-20T21:26:26Z,1156498,25.2
2021-07-20T21:28:26Z,1156499,25.1
2021-07-20T21:30:26Z,1156500,25.1
2021-07-20T21:32:26Z,1156501,25.1
2021-07-20T21:34:26Z,1156502,25.0
2021-07-20T21:36:26Z,1156503,24.9
2021-07-20T21:38:26Z,1156504,24.9
2021-07-20T21:40:26Z,1156505,24.9
2021-07-20T21:42:26Z,1156506,24.9
2021-07-20T21:44:26Z,1156507,24.8
2021-07-20T21:46:26Z,1156508,24.8
2021-07-20T21:48:27Z,1156509,24.8
2021-07-20T21:50:26Z,1156510,24.8
2021-07-20T21:52:27Z,1156511,24.9
2021-07-20T21:54:27Z,1156512,24.9
2021-07-20T21:56:26Z,1156513,24.9
2021-07-20T21:58:26Z,1156514,24.8
2021-07-20T22:00:27Z,1156515,24.8
2021-07-20T22:02:26Z,1156516,24.8
2021-07-20T22:04:26Z,1156517,24.7
2021-07-20T22:06:26Z,1156518,24.6
2021-07-20T22:08:26Z,1156519,24.6
2021-07-20T22:10:26Z,1156520,24.6
2021-07-20T22:12:26Z,1156521,24.5
2021-07-20T22:14:26Z,1156522,24.5
2021-07-20T22:16:26Z,1156523,24.4
2021-07-20T22:18:26Z,1156524,24.3
2021-07-20T22:20:26Z,1156525,24.3
2021-07-20T22:22:26Z,1156526,24.3
2021-07-20T22:24:26Z,1156527,24.2
2021-07-20T22:26:26Z,1156528,24.1
2021-07-20T22:28:26Z,1156529,24.1
2021-07-20T22:30:26Z,1156530,23.9
2021-07-20T22:32:26Z,1156531,23.9
2021-07-20T22:34:26Z,1156532,23.8
2021-07-20T22:36:26Z,1156533,23.8
2021-07-20T22:38:26Z,1156534,23.8
2021-07-20T22:40:26Z,1156535,23.8
2021-07-20T22:42:26Z,1156536,23.7
2021-07-20T22:44:26Z,1156537,23.8
2021-07-20T22:46:26Z,1156538,23.8
2021-07-20T22:48:26Z,1156539,23.6
2021-07-20T22:50:26Z,1156540,23.6
2021-07-20T22:52:26Z,1156541,23.6
2021-07-20T22:54:26Z,1156542,23.6
2021-07-20T22:56:27Z,1156543,23.6
2021-07-20T22:58:26Z,1156544,23.6
2021-07-20T23:00:26Z,1156545,23.6
2021-07-20T23:02:26Z,1156546,23.8
2021-07-20T23:04:26Z,1156547,23.7
2021-07-20T23:06:26Z,1156548,23.6
2021-07-20T23:08:27Z,1156549,23.5
2021-07-20T23:10:26Z,1156550,23.4
2021-07-20T23:12:26Z,1156551,23.4
2021-07-20T23:14:26Z,1156552,23.4
2021-07-20T23:16:26Z,1156553,23.4
2021-07-20T23:18:26Z,1156554,23.4
2021-07-20T23:20:26Z,1156555,23.4
2021-07-20T23:22:26Z,1156556,23.4
2021-07-20T23:24:26Z,1156557,23.5
2021-07-20T23:26:26Z,1156558,23.5
2021-07-20T23:28:26Z,1156559,23.6
2021-07-20T23:30:26Z,1156560,23.6
2021-07-20T23:32:26Z,1156561,23.6
2021-07-20T23:34:26Z,1156562,23.5
2021-07-20T23:36:26Z,1156563,23.5
2021-07-20T23:38:26Z,1156564,23.4
2021-07-20T23:40:26Z,1156565,23.4
2021-07-20T23:42:26Z,1156566,23.4
2021-07-20T23:44:27Z,1156567,23.4
2021-07-20T23:46:26Z,1156568,23.3
2021-07-20T23:48:27Z,1156569,23.3
2021-07-20T23:50:27Z,1156570,23.1
2021-07-20T23:52:26Z,1156571,23.1
2021-07-20T23:54:26Z,1156572,23.1
2021-07-20T23:56:27Z,1156573,23.1
2021-07-20T23:58:27Z,1156574,23.1
2021-07-21T00:00:27Z,1156575,23.0
2021-07-21T00:02:26Z,1156576,22.9
2021-07-21T00:04:26Z,1156577,22.9
2021-07-21T00:06:26Z,1156578,22.9
2021-07-21T00:08:26Z,1156579,22.9
2021-07-21T00:10:27Z,1156580,22.9
2021-07-21T00:12:26Z,1156581,22.9
2021-07-21T00:14:26Z,1156582,22.8
2021-07-21T00:16:26Z,1156583,22.8
2021-07-21T00:18:26Z,1156584,22.8
2021-07-21T00:20:26Z,1156585,22.7
2021-07-21T00:22:26Z,1156586,22.7
2021-07-21T00:24:26Z,1156587,22.8
2021-07-21T00:26:26Z,1156588,22.7
2021-07-21T00:28:26Z,1156589,22.8
2021-07-21T00:30:26Z,1156590,22.8
2021-07-21T00:32:26Z,1156591,22.8
2021-07-21T00:34:26Z,1156592,22.8
2021-07-21T00:36:26Z,1156593,22.8
2021-07-21T00:38:26Z,1156594,22.7
2021-07-21T00:40:26Z,1156595,22.8
2021-07-21T00:42:26Z,1156596,22.7
2021-07-21T00:44:26Z,1156597,22.8
2021-07-21T00:46:26Z,1156598,22.8
2021-07-21T00:48:26Z,1156599,22.8
2021-07-21T00:50:26Z,1156600,22.8
2021-07-21T00:52:26Z,1156601,22.8
2021-07-21T00:54:26Z,1156602,22.8
2021-07-21T00:56:26Z,1156603,22.8
2021-07-21T00:58:26Z,1156604,22.8
2021-07-21T01:00:26Z,1156605,22.8
2021-07-21T01:02:26Z,1156606,22.8
2021-07-21T01:04:26Z,1156607,22.8
2021-07-21T01:06:26Z,1156608,22.7
2021-07-21T01:08:26Z,1156609,22.7
2021-07-21T01:10:26Z,1156610,22.7
2021-07-21T01:12:26Z,1156611,22.6
2021-07-21T01:14:26Z,1156612,22.6
2021-07-21T01:16:26Z,1156613,22.6
2021-07-21T01:18:26Z,1156614,22.6
2021-07-21T01:20:26Z,1156615,22.6
2021-07-21T01:22:26Z,1156616,22.6
2021-07-21T01:24:26Z,1156617,22.7
2021-07-21T01:26:26Z,1156618,22.7
2021-07-21T01:28:26Z,1156619,22.8
2021-07-21T01:30:26Z,1156620,22.8
2021-07-21T01:32:26Z,1156621,22.8
2021-07-21T01:34:26Z,1156622,22.7
2021-07-21T01:36:27Z,1156623,22.8
2021-07-21T01:38:26Z,1156624,22.7
2021-07-21T01:40:26Z,1156625,22.6
2021-07-21T01:42:26Z,1156626,22.6
2021-07-21T01:44:26Z,1156627,22.6
2021-07-21T01:46:26Z,1156628,22.6
2021-07-21T01:48:26Z,1156629,22.6
2021-07-21T01:50:26Z,1156630,22.6
2021-07-21T01:52:26Z,1156631,22.6
2021-07-21T01:54:26Z,1156632,22.6
2021-07-21T01:56:26Z,1156633,22.5
2021-07-21T01:58:26Z,1156634,22.6
2021-07-21T02:00:26Z,1156635,22.8
2021-07-21T02:02:26Z,1156636,22.7
2021-07-21T02:04:26Z,1156637,22.8
2021-07-21T02:06:26Z,1156638,22.8
2021-07-21T02:08:26Z,1156639,22.8
2021-07-21T02:10:26Z,1156640,22.8
2021-07-21T02:12:26Z,1156641,22.8
2021-07-21T02:14:26Z,1156642,22.9
2021-07-21T02:16:26Z,1156643,22.8
2021-07-21T02:18:26Z,1156644,22.8
2021-07-21T02:20:26Z,1156645,22.8
2021-07-21T02:22:26Z,1156646,22.7
2021-07-21T02:24:26Z,1156647,22.8
2021-07-21T02:26:26Z,1156648,22.8
2021-07-21T02:28:26Z,1156649,22.8
2021-07-21T02:30:26Z,1156650,22.9
2021-07-21T02:32:26Z,1156651,22.9
2021-07-21T02:34:26Z,1156652,23.0
2021-07-21T02:36:26Z,1156653,23.0
2021-07-21T02:38:26Z,1156654,23.1
2021-07-21T02:40:26Z,1156655,23.1
2021-07-21T02:42:26Z,1156656,23.2
2021-07-21T02:44:26Z,1156657,23.3
2021-07-21T02:46:26Z,1156658,23.3
2021-07-21T02:48:26Z,1156659,23.3
2021-07-21T02:50:26Z,1156660,23.2
2021-07-21T02:52:26Z,1156661,23.3
2021-07-21T02:54:26Z,1156662,23.3
2021-07-21T02:56:26Z,1156663,23.3
2021-07-21T02:58:26Z,1156664,23.3
2021-07-21T03:00:26Z,1156665,23.4
2021-07-21T03:02:26Z,1156666,23.5
2021-07-21T03:04:26Z,1156667,23.6
2021-07-21T03:06:26Z,1156668,23.6
2021-07-21T03:08:26Z,1156669,23.6
2021-07-21T03:10:26Z,1156670,23.6
2021-07-21T03:12:26Z,1156671,23.6
2021-07-21T03:14:26Z,1156672,23.5
2021-07-21T03:16:26Z,1156673,23.6
2021-07-21T03:18:26Z,1156674,23.6
2021-07-21T03:20:26Z,1156675,23.7
2021-07-21T03:22:27Z,1156676,24.0
2021-07-21T03:24:26Z,1156677,24.0
2021-07-21T03:26:26Z,1156678,24.0
2021-07-21T03:28:26Z,1156679,24.0
2021-07-21T03:30:26Z,1156680,24.1
2021-07-21T03:32:26Z,1156681,23.8
2021-07-21T03:34:26Z,1156682,23.7
2021-07-21T03:36:26Z,1156683,23.6
2021-07-21T03:38:26Z,1156684,23.5
2021-07-21T03:40:26Z,1156685,23.5
2021-07-21T03:42:26Z,1156686,23.4
2021-07-21T03:44:26Z,1156687,23.4
2021-07-21T03:46:26Z,1156688,23.5
2021-07-21T03:48:26Z,1156689,23.5
2021-07-21T03:50:26Z,1156690,23.6
2021-07-21T03:52:26Z,1156691,23.6
2021-07-21T03:54:26Z,1156692,23.4
2021-07-21T03:56:26Z,1156693,23.4
2021-07-21T03:58:26Z,1156694,23.3
2021-07-21T04:00:26Z,1156695,23.2
2021-07-21T04:02:26Z,1156696,23.2
2021-07-21T04:04:26Z,1156697,23.3
2021-07-21T04:06:26Z,1156698,23.3
2021-07-21T04:08:26Z,1156699,23.3
2021-07-21T04:10:26Z,1156700,23.5
2021-07-21T04:12:26Z,1156701,23.6
2021-07-21T04:14:26Z,1156702,23.9
2021-07-21T04:16:26Z,1156703,23.9
2021-07-21T04:18:26Z,1156704,24.1
2021-07-21T04:20:26Z,1156705,24.4
2021-07-21T04:22:26Z,1156706,24.8
2021-07-21T04:24:26Z,1156707,24.7
2021-07-21T04:26:26Z,1156708,24.8
2021-07-21T04:28:26Z,1156709,25.0
2021-07-21T04:30:26Z,1156710,25.4
2021-07-21T04:32:26Z,1156711,25.7
2021-07-21T04:34:26Z,1156712,25.9
2021-07-21T04:36:26Z,1156713,26.3
2021-07-21T04:38:26Z,1156714,27.6
2021-07-21T04:40:26Z,1156715,27.8
2021-07-21T04:42:26Z,1156716,27.8
2021-07-21T04:44:26Z,1156717,28.6
2021-07-21T04:46:26Z,1156718,29.6
2021-07-21T04:48:26Z,1156719,29.9
2021-07-21T04:50:26Z,1156720,29.3
2021-07-21T04:52:26Z,1156721,29.5
2021-07-21T04:54:26Z,1156722,28.8
2021-07-21T04:56:26Z,1156723,28.1
2021-07-21T04:58:26Z,1156724,27.6
2021-07-21T05:00:26Z,1156725,27.5
2021-07-21T05:02:26Z,1156726,27.4
2021-07-21T05:04:27Z,1156727,27.4
2021-07-21T05:06:26Z,1156728,27.4
2021-07-21T05:08:26Z,1156729,27.4
2021-07-21T05:10:26Z,1156730,27.7
2021-07-21T05:12:26Z,1156731,27.6
2021-07-21T05:14:26Z,1156732,28.1
2021-07-21T05:16:26Z,1156733,28.6
2021-07-21T05:18:26Z,1156734,28.6
2021-07-21T05:20:26Z,1156735,28.2
2021-07-21T05:22:26Z,1156736,27.9
2021-07-21T05:24:26Z,1156737,28.2
2021-07-21T05:26:26Z,1156738,29.6
2021-07-21T05:28:26Z,1156739,30.9
2021-07-21T05:30:26Z,1156740,30.9
2021-07-21T05:32:26Z,1156741,31.3
2021-07-21T05:34:26Z,1156742,31.7
2021-07-21T05:36:26Z,1156743,29.7
2021-07-21T05:38:26Z,1156744,28.9
2021-07-21T05:40:26Z,1156745,28.3
2021-07-21T05:42:26Z,1156746,27.8
2021-07-21T05:44:26Z,1156747,27.4
2021-07-21T05:46:26Z,1156748,27.3
2021-07-21T05:48:26Z,1156749,26.9
2021-07-21T05:50:26Z,1156750,26.8
2021-07-21T05:52:26Z,1156751,26.9
2021-07-21T05:54:26Z,1156752,26.7
2021-07-21T05:56:26Z,1156753,26.8
2021-07-21T05:58:26Z,1156754,26.9
2021-07-21T06:00:26Z,1156755,27.1
2021-07-21T06:02:26Z,1156756,27.0
2021-07-21T06:04:26Z,1156757,27.4
2021-07-21T06:06:26Z,1156758,28.0
2021-07-21T06:08:26Z,1156759,28.0
2021-07-21T06:10:26Z,1156760,27.9
2021-07-21T06:12:26Z,1156761,27.7
2021-07-21T06:14:26Z,1156762,27.3
2021-07-21T06:16:26Z,1156763,26.8
2021-07-21T06:18:26Z,1156764,26.6
2021-07-21T06:20:26Z,1156765,26.3
2021-07-21T06:22:26Z,1156766,25.9
2021-07-21T06:24:26Z,1156767,25.9
2021-07-21T06:26:26Z,1156768,25.9
2021-07-21T06:28:26Z,1156769,25.9
2021-07-21T06:30:26Z,1156770,25.8
2021-07-21T06:32:26Z,1156771,25.8
2021-07-21T06:34:26Z,1156772,25.9
2021-07-21T06:36:26Z,1156773,25.8
2021-07-21T06:38:26Z,1156774,26.1
2021-07-21T06:40:26Z,1156775,26.4
2021-07-21T06:42:26Z,1156776,26.3
2021-07-21T06:44:26Z,1156777,26.3
2021-07-21T06:46:26Z,1156778,26.3
2021-07-21T06:48:26Z,1156779,26.5
2021-07-21T06:50:26Z,1156780,26.8
2021-07-21T06:52:26Z,1156781,26.8
2021-07-21T06:54:26Z,1156782,26.8
2021-07-21T06:56:26Z,1156783,27.1
2021-07-21T06:58:26Z,1156784,27.6
2021-07-21T07:00:26Z,1156785,27.9
2021-07-21T07:02:26Z,1156786,27.8
2021-07-21T07:04:26Z,1156787,27.6
2021-07-21T07:06:26Z,1156788,27.4
2021-07-21T07:08:26Z,1156789,27.4
2021-07-21T07:10:26Z,1156790,27.6
2021-07-21T07:12:26Z,1156791,27.6
2021-07-21T07:14:26Z,1156792,27.7
2021-07-21T07:16:26Z,1156793,27.6
2021-07-21T07:18:26Z,1156794,27.4
2021-07-21T07:20:26Z,1156795,27.4
2021-07-21T07:22:26Z,1156796,27.3
2021-07-21T07:24:26Z,1156797,27.1
2021-07-21T07:26:26Z,1156798,26.9
2021-07-21T07:28:26Z,1156799,26.6
2021-07-21T07:30:26Z,1156800,26.4
2021-07-21T07:32:26Z,1156801,26.3
2021-07-21T07:34:26Z,1156802,26.3
2021-07-21T07:36:26Z,1156803,26.2
2021-07-21T07:38:26Z,1156804,26.1
2021-07-21T07:40:26Z,1156805,25.9
2021-07-21T07:42:26Z,1156806,25.9
2021-07-21T07:44:26Z,1156807,25.9
2021-07-21T07:46:26Z,1156808,25.8
2021-07-21T07:48:26Z,1156809,25.6
2021-07-21T07:50:26Z,1156810,25.7
2021-07-21T07:52:26Z,1156811,25.8
2021-07-21T07:54:26Z,1156812,25.9
2021-07-21T07:56:26Z,1156813,25.8
2021-07-21T07:58:26Z,1156814,25.8
2021-07-21T08:00:26Z,1156815,25.6
2021-07-21T08:02:26Z,1156816,25.8
2021-07-21T08:04:26Z,1156817,25.8
2021-07-21T08:06:26Z,1156818,25.6
2021-07-21T08:08:26Z,1156819,25.5
2021-07-21T08:10:26Z,1156820,25.4
2021-07-21T08:12:26Z,1156821,25.1
2021-07-21T08:14:26Z,1156822,25.1
2021-07-21T08:16:26Z,1156823,25.1
2021-07-21T08:18:26Z,1156824,25.0
2021-07-21T08:20:26Z,1156825,24.9
2021-07-21T08:22:26Z,1156826,24.9
2021-07-21T08:24:26Z,1156827,24.8
2021-07-21T08:26:26Z,1156828,24.7
2021-07-21T08:28:26Z,1156829,24.5
2021-07-21T08:30:26Z,1156830,24.4
2021-07-21T08:32:26Z,1156831,24.4
2021-07-21T08:34:26Z,1156832,24.2
2021-07-21T08:36:26Z,1156833,24.0
2021-07-21T08:38:26Z,1156834,23.9
2021-07-21T08:40:26Z,1156835,23.9
2021-07-21T08:42:26Z,1156836,23.9
2021-07-21T08:44:26Z,1156837,23.9
2021-07-21T08:46:26Z,1156838,23.8
2021-07-21T08:48:26Z,1156839,23.6
2021-07-21T08:50:26Z,1156840,23.5
2021-07-21T08:52:26Z,1156841,23.5
2021-07-21T08:54:26Z,1156842,23.3
2021-07-21T08:56:26Z,1156843,23.3
2021-07-21T08:58:26Z,1156844,23.2
2021-07-21T09:00:26Z,1156845,23.3
2021-07-21T09:02:26Z,1156846,23.3
2021-07-21T09:04:26Z,1156847,23.2
2021-07-21T09:06:26Z,1156848,23.2
2021-07-21T09:08:26Z,1156849,23.1
2021-07-21T09:10:26Z,1156850,23.3
2021-07-21T09:12:26Z,1156851,23.2
2021-07-21T09:14:26Z,1156852,23.4
2021-07-21T09:16:26Z,1156853,23.3
2021-07-21T09:18:26Z,1156854,23.1
2021-07-21T09:20:26Z,1156855,23.1
2021-07-21T09:22:26Z,1156856,23.3
2021-07-21T09:24:26Z,1156857,23.0
2021-07-21T09:26:26Z,1156858,23.1
2021-07-21T09:28:26Z,1156859,23.3
2021-07-21T09:30:26Z,1156860,23.3
2021-07-21T09:32:26Z,1156861,23.3
2021-07-21T09:34:26Z,1156862,23.2
2021-07-21T09:36:26Z,1156863,23.4
2021-07-21T09:38:26Z,1156864,23.4
2021-07-21T09:40:26Z,1156865,23.3
2021-07-21T09:42:26Z,1156866,23.6
2021-07-21T09:44:26Z,1156867,23.6
2021-07-21T09:46:26Z,1156868,23.7
2021-07-21T09:48:26Z,1156869,23.9
2021-07-21T09:50:26Z,1156870,23.8
2021-07-21T09:52:26Z,1156871,23.8
2021-07-21T09:54:25Z,1156872,23.9
2021-07-21T09:56:26Z,1156873,23.9
2021-07-21T09:58:26Z,1156874,24.0
2021-07-21T10:00:26Z,1156875,24.1
2021-07-21T10:02:26Z,1156876,24.1
2021-07-21T10:04:26Z,1156877,24.3
2021-07-21T10:06:25Z,1156878,24.4
2021-07-21T10:08:25Z,1156879,24.7
2021-07-21T10:10:25Z,1156880,24.8
2021-07-21T10:12:26Z,1156881,24.9
2021-07-21T10:14:27Z,1156882,24.9
2021-07-21T10:16:26Z,1156883,24.9
2021-07-21T10:18:26Z,1156884,25.1
2021-07-21T10:20:25Z,1156885,25.2
2021-07-21T10:22:26Z,1156886,25.5
2021-07-21T10:24:26Z,1156887,25.9
2021-07-21T10:26:26Z,1156888,25.9
2021-07-21T10:28:25Z,1156889,26.0
2021-07-21T10:30:25Z,1156890,26.1
2021-07-21T10:32:25Z,1156891,26.2
2021-07-21T10:34:26Z,1156892,26.3
2021-07-21T10:36:25Z,1156893,26.4
2021-07-21T10:38:25Z,1156894,26.3
2021-07-21T10:40:25Z,1156895,26.4
2021-07-21T10:42:25Z,1156896,26.5
2021-07-21T10:44:25Z,1156897,26.8
2021-07-21T10:46:26Z,1156898,26.9
2021-07-21T10:48:26Z,1156899,26.8
2021-07-21T10:50:26Z,1156900,26.8
2021-07-21T10:52:25Z,1156901,26.9
2021-07-21T10:54:25Z,1156902,27.1
2021-07-21T10:56:25Z,1156903,27.1
2021-07-21T10:58:26Z,1156904,27.1
2021-07-21T11:00:25Z,1156905,26.9
2021-07-21T11:02:25Z,1156906,26.7
2021-07-21T11:04:25Z,1156907,27.0
2021-07-21T11:06:25Z,1156908,27.1
2021-07-21T11:08:26Z,1156909,27.4
2021-07-21T11:10:26Z,1156910,27.9
2021-07-21T11:12:25Z,1156911,28.0
2021-07-21T11:14:25Z,1156912,28.1
2021-07-21T11:16:26Z,1156913,28.3
2021-07-21T11:18:25Z,1156914,28.1
2021-07-21T11:20:26Z,1156915,28.5
2021-07-21T11:22:25Z,1156916,28.4
2021-07-21T11:24:26Z,1156917,28.3
2021-07-21T11:26:26Z,1156918,28.3
2021-07-21T11:28:26Z,1156919,28.4
2021-07-21T11:30:26Z,1156920,28.1
2021-07-21T11:32:25Z,1156921,28.1
2021-07-21T11:34:26Z,1156922,28.3
2021-07-21T11:36:25Z,1156923,27.7
2021-07-21T11:38:26Z,1156924,27.6
2021-07-21T11:40:26Z,1156925,27.6
2021-07-21T11:42:26Z,1156926,27.3
2021-07-21T11:44:25Z,1156927,26.9
2021-07-21T11:46:26Z,1156928,26.9
2021-07-21T11:48:25Z,1156929,26.8
2021-07-21T11:50:26Z,1156930,26.8
2021-07-21T11:52:25Z,1156931,26.3
2021-07-21T11:54:25Z,1156932,26.4
2021-07-21T11:56:25Z,1156933,26.6
2021-07-21T11:58:26Z,1156934,26.6
2021-07-21T12:00:26Z,1156935,26.8
2021-07-21T12:02:26Z,1156936,27.1
2021-07-21T12:04:25Z,1156937,27.3
2021-07-21T12:06:25Z,1156938,27.0
2021-07-21T12:08:26Z,1156939,26.9
2021-07-21T12:10:26Z,1156940,27.1
2021-07-21T12:12:26Z,1156941,27.4
2021-07-21T12:14:25Z,1156942,27.3
2021-07-21T12:16:26Z,1156943,27.4
2021-07-21T12:18:26Z,1156944,27.1
2021-07-21T12:20:25Z,1156945,27.0
2021-07-21T12:22:26Z,1156946,27.2
2021-07-21T12:24:25Z,1156947,27.3
2021-07-21T12:26:25Z,1156948,27.1
2021-07-21T12:28:26Z,1156949,27.4
2021-07-21T12:30:26Z,1156950,27.4
2021-07-21T12:32:26Z,1156951,27.4
2021-07-21T12:34:26Z,1156952,27.6
2021-07-21T12:36:26Z,1156953,27.9
2021-07-21T12:38:26Z,1156954,27.9
2021-07-21T12:40:26Z,1156955,28.1
2021-07-21T12:42:26Z,1156956,27.9
2021-07-21T12:44:26Z,1156957,27.9
2021-07-21T12:46:26Z,1156958,27.8
2021-07-21T12:48:26Z,1156959,27.9
2021-07-21T12:50:26Z,1156960,27.8
2021-07-21T12:52:26Z,1156961,27.8
2021-07-21T12:54:26Z,1156962,27.5
2021-07-21T12:56:26Z,1156963,27.4
2021-07-21T12:58:25Z,1156964,27.4
2021-07-21T13:00:26Z,1156965,27.3
2021-07-21T13:02:26Z,1156966,27.1
2021-07-21T13:04:26Z,1156967,26.8
2021-07-21T13:06:26Z,1156968,26.8
2021-07-21T13:08:26Z,1156969,26.9
2021-07-21T13:10:26Z,1156970,27.1
2021-07-21T13:12:26Z,1156971,27.3
2021-07-21T13:14:26Z,1156972,27.2
2021-07-21T13:16:26Z,1156973,27.3
2021-07-21T13:18:26Z,1156974,27.4
2021-07-21T13:20:26Z,1156975,27.8
2021-07-21T13:22:26Z,1156976,27.6
2021-07-21T13:24:26Z,1156977,27.1
2021-07-21T13:26:26Z,1156978,26.8
2021-07-21T13:28:25Z,1156979,27.0
2021-07-21T13:30:26Z,1156980,27.0
2021-07-21T13:32:26Z,1156981,26.8
2021-07-21T13:34:26Z,1156982,26.8
2021-07-21T13:36:26Z,1156983,26.8
2021-07-21T13:38:26Z,1156984,26.6
2021-07-21T13:40:26Z,1156985,26.6
2021-07-21T13:42:26Z,1156986,26.6
2021-07-21T13:44:26Z,1156987,26.6
2021-07-21T13:46:26Z,1156988,26.8
2021-07-21T13:48:26Z,1156989,26.8
2021-07-21T13:50:26Z,1156990,27.1
2021-07-21T13:52:25Z,1156991,27.3
2021-07-21T13:54:26Z,1156992,27.3
2021-07-21T13:56:26Z,1156993,27.3
2021-07-21T13:58:26Z,1156994,27.3
2021-07-21T14:00:26Z,1156995,27.2
2021-07-21T14:02:26Z,1156996,27.3
2021-07-21T14:04:25Z,1156997,27.3
2021-07-21T14:06:26Z,1156998,27.3
2021-07-21T14:08:26Z,1156999,27.4
2021-07-21T14:10:26Z,1157000,27.2
2021-07-21T14:12:26Z,1157001,27.1
2021-07-21T14:14:26Z,1157002,27.3
2021-07-21T14:16:26Z,1157003,27.3
2021-07-21T14:18:26Z,1157004,27.4
2021-07-21T14:20:26Z,1157005,27.3
2021-07-21T14:22:25Z,1157006,26.9
2021-07-21T14:24:26Z,1157007,26.9
2021-07-21T14:26:26Z,1157008,26.8
2021-07-21T14:28:26Z,1157009,26.7
2021-07-21T14:30:26Z,1157010,26.9
2021-07-21T14:32:26Z,1157011,26.8
2021-07-21T14:34:25Z,1157012,26.5
2021-07-21T14:36:26Z,1157013,26.4
2021-07-21T14:38:25Z,1157014,26.6
2021-07-21T14:40:26Z,1157015,26.8
2021-07-21T14:42:26Z,1157016,26.7
2021-07-21T14:44:26Z,1157017,26.8
2021-07-21T14:46:26Z,1157018,26.6
2021-07-21T14:48:26Z,1157019,26.6
2021-07-21T14:50:26Z,1157020,26.7
2021-07-21T14:52:26Z,1157021,26.7
2021-07-21T14:54:26Z,1157022,26.8
2021-07-21T14:56:26Z,1157023,26.9
2021-07-21T14:58:26Z,1157024,27.1
2021-07-21T15:00:26Z,1157025,27.4
2021-07-21T15:02:26Z,1157026,27.3
2021-07-21T15:04:26Z,1157027,27.1
2021-07-21T15:06:26Z,1157028,27.0
2021-07-21T15:08:26Z,1157029,26.9
2021-07-21T15:10:26Z,1157030,26.8
2021-07-21T15:12:26Z,1157031,26.8
2021-07-21T15:14:26Z,1157032,26.8
2021-07-21T15:16:26Z,1157033,26.8
2021-07-21T15:18:26Z,1157034,26.8
2021-07-21T15:20:26Z,1157035,26.8
2021-07-21T15:22:26Z,1157036,26.8
2021-07-21T15:24:26Z,1157037,26.6
2021-07-21T15:26:26Z,1157038,26.6
2021-07-21T15:28:25Z,1157039,26.6
2021-07-21T15:30:26Z,1157040,26.6
2021-07-21T15:32:26Z,1157041,26.6
2021-07-21T15:34:26Z,1157042,26.5
2021-07-21T15:36:25Z,1157043,26.5
2021-07-21T15:38:26Z,1157044,26.4
2021-07-21T15:40:26Z,1157045,26.4
2021-07-21T15:42:25Z,1157046,26.4
2021-07-21T15:44:26Z,1157047,26.3
2021-07-21T15:46:26Z,1157048,26.4
2021-07-21T15:48:26Z,1157049,26.3
2021-07-21T15:50:26Z,1157050,26.1
2021-07-21T15:52:26Z,1157051,26.1
2021-07-21T15:54:26Z,1157052,26.1
2021-07-21T15:56:26Z,1157053,26.1
2021-07-21T15:58:26Z,1157054,26.0
2021-07-21T16:00:26Z,1157055,25.9
2021-07-21T16:02:26Z,1157056,25.9
2021-07-21T16:04:26Z,1157057,25.8
2021-07-21T16:06:26Z,1157058,25.8
2021-07-21T16:08:26Z,1157059,25.8
2021-07-21T16:10:25Z,1157060,25.8
2021-07-21T16:12:26Z,1157061,25.8
2021-07-21T16:14:25Z,1157062,25.8
2021-07-21T16:16:26Z,1157063,25.8
2021-07-21T16:18:26Z,1157064,25.8
2021-07-21T16:20:26Z,1157065,25.7
2021-07-21T16:22:26Z,1157066,25.7
2021-07-21T16:24:26Z,1157067,25.7
2021-07-21T16:26:26Z,1157068,25.8
2021-07-21T16:28:26Z,1157069,25.6
2021-07-21T16:30:26Z,1157070,25.6
2021-07-21T16:32:26Z,1157071,25.6
2021-07-21T16:34:26Z,1157072,25.5
2021-07-21T16:36:26Z,1157073,25.4
2021-07-21T16:38:25Z,1157074,25.4
2021-07-21T16:40:26Z,1157075,25.4
2021-07-21T16:42:26Z,1157076,25.3
2021-07-21T16:44:25Z,1157077,25.3
2021-07-21T16:46:26Z,1157078,25.1
2021-07-21T16:48:26Z,1157079,25.1
2021-07-21T16:50:26Z,1157080,25.1
2021-07-21T16:52:26Z,1157081,25.0
2021-07-21T16:54:26Z,1157082,25.0
2021-07-21T16:56:25Z,1157083,25.0
2021-07-21T16:58:26Z,1157084,25.1
2021-07-21T17:00:26Z,1157085,25.0
2021-07-21T17:02:26Z,1157086,24.9
2021-07-21T17:04:26Z,1157087,24.9
2021-07-21T17:06:26Z,1157088,24.8
2021-07-21T17:08:26Z,1157089,24.8
2021-07-21T17:10:26Z,1157090,24.9
2021-07-21T17:12:26Z,1157091,24.8
2021-07-21T17:14:26Z,1157092,24.8
2021-07-21T17:16:26Z,1157093,24.7
2021-07-21T17:18:26Z,1157094,24.7
2021-07-21T17:20:26Z,1157095,24.7
2021-07-21T17:22:26Z,1157096,24.6
2021-07-21T17:24:26Z,1157097,24.6
2021-07-21T17:26:26Z,1157098,24.8
2021-07-21T17:28:26Z,1157099,24.8
2021-07-21T17:30:26Z,1157100,24.8
2021-07-21T17:32:26Z,1157101,24.8
2021-07-21T17:34:26Z,1157102,24.8
2021-07-21T17:36:26Z,1157103,24.7
2021-07-21T17:38:26Z,1157104,24.6
2021-07-21T17:40:26Z,1157105,24.6
2021-07-21T17:42:26Z,1157106,24.6
2021-07-21T17:44:26Z,1157107,24.5
2021-07-21T17:46:26Z,1157108,24.5
2021-07-21T17:48:26Z,1157109,24.4
2021-07-21T17:50:26Z,1157110,24.3
2021-07-21T17:52:26Z,1157111,24.3
2021-07-21T17:54:26Z,1157112,24.1
2021-07-21T17:56:26Z,1157113,24.1
2021-07-21T17:58:26Z,1157114,24.1
2021-07-21T18:00:26Z,1157115,24.1
2021-07-21T18:02:26Z,1157116,24.1
2021-07-21T18:04:26Z,1157117,24.1
2021-07-21T18:06:25Z,1157118,24.1
2021-07-21T18:08:25Z,1157119,24.3
2021-07-21T18:10:25Z,1157120,24.3
2021-07-21T18:12:26Z,1157121,24.3
2021-07-21T18:14:26Z,1157122,24.4
2021-07-21T18:16:25Z,1157123,24.3
2021-07-21T18:18:25Z,1157124,24.3
2021-07-21T18:20:26Z,1157125,24.3
2021-07-21T18:22:26Z,1157126,24.3
2021-07-21T18:24:26Z,1157127,24.3
2021-07-21T18:26:26Z,1157128,24.2
2021-07-21T18:28:26Z,1157129,24.1
2021-07-21T18:30:26Z,1157130,23.9
2021-07-21T18:32:25Z,1157131,23.8
2021-07-21T18:34:25Z,1157132,23.8
2021-07-21T18:36:25Z,1157133,23.6
2021-07-21T18:38:26Z,1157134,23.6
2021-07-21T18:40:26Z,1157135,23.6
2021-07-21T18:42:26Z,1157136,23.6
2021-07-21T18:44:26Z,1157137,23.6
2021-07-21T18:46:25Z,1157138,23.6
2021-07-21T18:48:25Z,1157139,23.6
2021-07-21T18:50:25Z,1157140,23.6
2021-07-21T18:52:25Z,1157141,23.6
2021-07-21T18:54:26Z,1157142,23.5
2021-07-21T18:56:26Z,1157143,23.4
2021-07-21T18:58:26Z,1157144,23.4
2021-07-21T19:00:25Z,1157145,23.3
2021-07-21T19:02:25Z,1157146,23.3
2021-07-21T19:04:25Z,1157147,23.3
2021-07-21T19:06:25Z,1157148,23.1
2021-07-21T19:08:25Z,1157149,23.1
2021-07-21T19:10:25Z,1157150,23.0
2021-07-21T19:12:25Z,1157151,22.9
2021-07-21T19:14:25Z,1157152,23.0
2021-07-21T19:16:25Z,1157153,22.9
2021-07-21T19:18:25Z,1157154,22.9
2021-07-21T19:20:25Z,1157155,22.8
2021-07-21T19:22:26Z,1157156,22.8
2021-07-21T19:24:25Z,1157157,22.8
2021-07-21T19:26:25Z,1157158,22.8
2021-07-21T19:28:25Z,1157159,22.8
2021-07-21T19:30:25Z,1157160,22.6
2021-07-21T19:32:25Z,1157161,22.6
2021-07-21T19:34:25Z,1157162,22.5
2021-07-21T19:36:25Z,1157163,22.6
2021-07-21T19:38:25Z,1157164,22.6
2021-07-21T19:40:25Z,1157165,22.6
2021-07-21T19:42:25Z,1157166,22.5
2021-07-21T19:44:25Z,1157167,22.4
2021-07-21T19:46:25Z,1157168,22.3
2021-07-21T19:48:25Z,1157169,22.3
2021-07-21T19:50:25Z,1157170,22.1
2021-07-21T19:52:26Z,1157171,22.1
2021-07-21T19:54:25Z,1157172,22.1
2021-07-21T19:56:25Z,1157173,22.1
2021-07-21T19:58:25Z,1157174,22.0
2021-07-21T20:00:25Z,1157175,22.0
2021-07-21T20:02:25Z,1157176,22.1
2021-07-21T20:04:26Z,1157177,22.1
2021-07-21T20:06:25Z,1157178,22.1
2021-07-21T20:08:25Z,1157179,22.1
2021-07-21T20:10:25Z,1157180,22.1
2021-07-21T20:12:25Z,1157181,22.0
2021-07-21T20:14:25Z,1157182,21.9
2021-07-21T20:16:26Z,1157183,21.9
2021-07-21T20:18:25Z,1157184,21.6
2021-07-21T20:20:25Z,1157185,21.4
2021-07-21T20:22:25Z,1157186,21.3
2021-07-21T20:24:25Z,1157187,21.1
2021-07-21T20:26:25Z,1157188,21.1
2021-07-21T20:28:25Z,1157189,21.1
2021-07-21T20:30:25Z,1157190,21.0
